<TargetMetadataExt EXT_NAME="ME$pending_trx1" EXT_VERSION="1" TARGET_TYPE="rac_database"><Metric NAME="ME$pending_trx1" TYPE="TABLE">
<Display>
<Label NLSID="NLS_METRIC_rac_databaseME$pending_trx1">pending_trans</Label>
<Description NLSID="NLS_DESCRIPTION_rac_databaseME$pending_trx1"> </Description>
</Display>
<TableDescriptor>
<ColumnDescriptor NAME="TRANS" TYPE="NUMBER">
<Display>
<Label NLSID="NLS_COLUMN_rac_databaseME$pending_trx1TRANS">TRANS</Label>
</Display>
<CategoryValue CLASS="Default" CATEGORY_NAME="Unclassified">
</CategoryValue>
</ColumnDescriptor>
</TableDescriptor>
<QueryDescriptor FETCHLET_ID="SQL">
<Property NAME="STATEMENT" SCOPE="GLOBAL" OPTIONAL="TRUE">select count(*) TRANS FROM DBA_2PC_PENDING</Property>
<Property NAME="MachineName" SCOPE="INSTANCE" OPTIONAL="TRUE">MachineName</Property>
<Property NAME="Port" SCOPE="INSTANCE" OPTIONAL="TRUE">Port</Property>
<Property NAME="SID" SCOPE="INSTANCE" OPTIONAL="TRUE">SID</Property>
<Property NAME="UserName" SCOPE="INSTANCE" OPTIONAL="TRUE">UserName</Property>
<Property NAME="password" SCOPE="INSTANCE" OPTIONAL="TRUE">password</Property>
<Property NAME="Role" SCOPE="INSTANCE" OPTIONAL="TRUE">Role</Property>
<CredentialRef NAME="SQLCreds"></CredentialRef>
</QueryDescriptor>
</Metric>
</TargetMetadataExt>