<TargetCollectionExt EXT_NAME="ME$fra_usage" EXT_VERSION="5" TARGET_TYPE="oracle_database"><CollectionItem NAME="ME$fra_usage" UPLOAD="YES" COLLECT_WHEN_ALTSKIP="TRUE">
	<Schedule>
		<IntervalSchedule INTERVAL="5" TIME_UNIT="Min"/>
	</Schedule>
	<MetricColl NAME="ME$fra_usage">
		<Condition COLUMN_NAME="USAGE_PERCENT" CRITICAL="75" WARNING="50" OPERATOR="GT" OCCURRENCES="1" MESSAGE="Usage of RECOVERY_AREA is %value% %. Pls run additional ARCHIVELOG BACKUP or increase db_recovery_file_dest_size" CLEAR_MESSAGE="Alert for RECOVERY_AREA is cleared. Current usage is %value% %"/>
	</MetricColl>
</CollectionItem>
</TargetCollectionExt>