<TargetCollectionExt EXT_NAME="ME$init_param_temp_file_drift" EXT_VERSION="2" TARGET_TYPE="oracle_database"><CollectionItem NAME="ME$init_param_temp_file_drift" UPLOAD="NO" REPOSITORY="TRUE">
	<Schedule>
		<IntervalSchedule INTERVAL="5" TIME_UNIT="Min"/>
	</Schedule>
	<MetricColl NAME="ME$init_param_temp_file_drift">
		<Condition COLUMN_NAME="PARAMETER_NAME" WARNING="X" OPERATOR="NE" OCCURRENCES="1" MESSAGE="The init parameter %value% differs between primary and standby" CLEAR_MESSAGE="Alert for %columnName% is cleared" CLEAR_MESSAGE_NLSID="EMAGENT_DEFAULT_NO_ROW_CLEAR_MESSAGE"/>
	</MetricColl>
</CollectionItem>
</TargetCollectionExt>