<TargetMetadataExt EXT_NAME="ME$old_java" EXT_VERSION="3" TARGET_TYPE="host"><Metric NAME="ME$old_java" TYPE="TABLE">
<Display>
<Label NLSID="NLS_METRIC_hostME$old_java">old_java</Label>
<Description NLSID="NLS_DESCRIPTION_hostME$old_java"> </Description>
</Display>
<TableDescriptor>
<ColumnDescriptor NAME="version" TYPE="NUMBER">
<Display>
<Label NLSID="NLS_COLUMN_hostME$old_javaversion">version</Label>
</Display>
</ColumnDescriptor>
<ColumnDescriptor NAME="java_path" TYPE="STRING">
<Display>
<Label NLSID="NLS_COLUMN_hostME$old_javajava_path">java_path</Label>
</Display>
</ColumnDescriptor>
</TableDescriptor>
<QueryDescriptor FETCHLET_ID="OSLineToken">
<Property NAME="command" SCOPE="GLOBAL">/u01/orasoft/EM/ME/old_java.sh</Property>
<Property NAME="scriptLoc" SCOPE="GLOBAL" OPTIONAL="TRUE">%scriptsDir%</Property>
<Property NAME="delimiter" SCOPE="GLOBAL" OPTIONAL="TRUE">|</Property>
<Property NAME="startsWith" SCOPE="GLOBAL" OPTIONAL="TRUE">em_result=</Property>
<Property NAME="ENVEM_TARGET_NAME" SCOPE="INSTANCE" OPTIONAL="TRUE">NAME</Property>
<CredentialRef NAME="OSCreds"></CredentialRef>
</QueryDescriptor>
</Metric>
</TargetMetadataExt>