<TargetMetadataExt EXT_NAME="ME$transport_lag" EXT_VERSION="1" TARGET_TYPE="oracle_database"><Metric NAME="ME$transport_lag" TYPE="TABLE">
<Display>
<Label NLSID="NLS_METRIC_oracle_databaseME$transport_lag">transport_lag</Label>
<Description NLSID="NLS_DESCRIPTION_oracle_databaseME$transport_lag"> </Description>
</Display>
<TableDescriptor>
<ColumnDescriptor NAME="transport_lag" TYPE="NUMBER">
<Display>
<Label NLSID="NLS_COLUMN_oracle_databaseME$transport_lagtransport_lag">transport_lag</Label>
</Display>
<CategoryValue CLASS="Default" CATEGORY_NAME="Availability">
</CategoryValue>
</ColumnDescriptor>
</TableDescriptor>
<QueryDescriptor FETCHLET_ID="SQL">
<Property NAME="STATEMENT" SCOPE="GLOBAL" OPTIONAL="TRUE">select to_char(to_number(substr(value,2,2))*24*60*60+to_number(substr(value,5,2))*60*60+to_number(substr(value,8,2))*60+to_number(substr(value,11,2))) lag 
from v$dataguard_stats dg ,v$database d where dg.name like 'transport lag' and d.DATABASE_ROLE='PHYSICAL STANDBY' 
and (select instance_number from v$instance) in (select min(instance_number) from gv$instance);</Property>
<Property NAME="MachineName" SCOPE="INSTANCE" OPTIONAL="TRUE">MachineName</Property>
<Property NAME="Port" SCOPE="INSTANCE" OPTIONAL="TRUE">Port</Property>
<Property NAME="SID" SCOPE="INSTANCE" OPTIONAL="TRUE">SID</Property>
<Property NAME="UserName" SCOPE="INSTANCE" OPTIONAL="TRUE">UserName</Property>
<Property NAME="password" SCOPE="INSTANCE" OPTIONAL="TRUE">password</Property>
<Property NAME="Role" SCOPE="INSTANCE" OPTIONAL="TRUE">Role</Property>
<CredentialRef NAME="SQLCreds"></CredentialRef>
</QueryDescriptor>
</Metric>
</TargetMetadataExt>