<TargetMetadataExt EXT_NAME="ME$bct" EXT_VERSION="1" TARGET_TYPE="oracle_database"><Metric NAME="ME$bct" TYPE="TABLE">
<Display>
<Label NLSID="NLS_METRIC_oracle_databaseME$bct">bct</Label>
<Description NLSID="NLS_DESCRIPTION_oracle_databaseME$bct"> </Description>
</Display>
<TableDescriptor>
<ColumnDescriptor NAME="BCT" TYPE="STRING">
<Display>
<Label NLSID="NLS_COLUMN_oracle_databaseME$bctBCT">BCT</Label>
</Display>
</ColumnDescriptor>
</TableDescriptor>
<QueryDescriptor FETCHLET_ID="SQL">
<Property NAME="STATEMENT" SCOPE="GLOBAL" OPTIONAL="TRUE">select db.database_role||bct.status from v$database db, v$block_change_tracking bct;</Property>
<Property NAME="MachineName" SCOPE="INSTANCE" OPTIONAL="TRUE">MachineName</Property>
<Property NAME="Port" SCOPE="INSTANCE" OPTIONAL="TRUE">Port</Property>
<Property NAME="SID" SCOPE="INSTANCE" OPTIONAL="TRUE">SID</Property>
<Property NAME="ConnectDescriptor" SCOPE="INSTANCE" OPTIONAL="TRUE">AgentPreferredConnectString</Property>
<Property NAME="UserName" SCOPE="INSTANCE" OPTIONAL="TRUE">UserName</Property>
<Property NAME="password" SCOPE="INSTANCE" OPTIONAL="TRUE">password</Property>
<Property NAME="Role" SCOPE="INSTANCE" OPTIONAL="TRUE">Role</Property>
<CredentialRef NAME="SQLCreds"></CredentialRef>
</QueryDescriptor>
</Metric>
</TargetMetadataExt>