<TargetCollectionExt EXT_NAME="ME$PASS" EXT_VERSION="1" TARGET_TYPE="rac_database"><CollectionItem NAME="ME$PASS" UPLOAD="YES">
	<ValidIf>
		<CategoryProp NAME="DBCategoryDetails" CHOICES="FullLLFile;none"/>
	</ValidIf>
	<Schedule>
		<IntervalSchedule INTERVAL="15" TIME_UNIT="Min"/>
	</Schedule>
	<MetricColl NAME="ME$PASS">
		<Condition COLUMN_NAME="COUNT" WARNING="0" OPERATOR="GT" OCCURRENCES="1" MESSAGE="The value of %columnName% is %value%" MESSAGE_NLSID="EMAGENT_DEFAULT_MESSAGE" CLEAR_MESSAGE="Alert for %columnName% is cleared" CLEAR_MESSAGE_NLSID="EMAGENT_DEFAULT_NO_ROW_CLEAR_MESSAGE"/>
	</MetricColl>
</CollectionItem>
</TargetCollectionExt>