<TargetCollectionExt EXT_NAME="ME$last_backup" EXT_VERSION="2" TARGET_TYPE="oracle_database"><CollectionItem NAME="ME$last_backup" UPLOAD="YES">
	<Schedule>
		<IntervalSchedule INTERVAL="1" TIME_UNIT="Hr"/>
	</Schedule>
	<MetricColl NAME="ME$last_backup">
		<Condition COLUMN_NAME="HOUR" CRITICAL="50" WARNING="26" OPERATOR="GT" OCCURRENCES="1" MESSAGE="Last %keyValue% backup was taken %value% hours ago" CLEAR_MESSAGE="Alert for last %keyValue% backupis cleared"/>
	</MetricColl>
</CollectionItem>
</TargetCollectionExt>