<TargetMetadataExt EXT_NAME="ME$fra_usage" EXT_VERSION="5" TARGET_TYPE="oracle_database"><Metric NAME="ME$fra_usage" TYPE="TABLE">
<Display>
<Label NLSID="NLS_METRIC_oracle_databaseME$fra_usage">fra_usage</Label>
<Description NLSID="NLS_DESCRIPTION_oracle_databaseME$fra_usage"> </Description>
</Display>
<TableDescriptor>
<ColumnDescriptor NAME="USAGE_PERCENT" TYPE="NUMBER">
<Display>
<Label NLSID="NLS_COLUMN_oracle_databaseME$fra_usageUSAGE_PERCENT">USAGE_PERCENT</Label>
</Display>
<CategoryValue CLASS="Default" CATEGORY_NAME="Capacity">
</CategoryValue>
</ColumnDescriptor>
</TableDescriptor>
<QueryDescriptor FETCHLET_ID="SQL">
<Property NAME="STATEMENT" SCOPE="GLOBAL" OPTIONAL="TRUE">select sum(PERCENT_SPACE_USED)-sum(PERCENT_SPACE_RECLAIMABLE) usage_percent from v$recovery_area_usage where (select instance_number from v$instance) in (select min(instance_number) from gv$instance);</Property>
<Property NAME="MachineName" SCOPE="INSTANCE" OPTIONAL="TRUE">MachineName</Property>
<Property NAME="Port" SCOPE="INSTANCE" OPTIONAL="TRUE">Port</Property>
<Property NAME="SID" SCOPE="INSTANCE" OPTIONAL="TRUE">SID</Property>
<Property NAME="UserName" SCOPE="INSTANCE" OPTIONAL="TRUE">UserName</Property>
<Property NAME="password" SCOPE="INSTANCE" OPTIONAL="TRUE">password</Property>
<Property NAME="Role" SCOPE="INSTANCE" OPTIONAL="TRUE">Role</Property>
<CredentialRef NAME="SQLCreds"></CredentialRef>
</QueryDescriptor>
</Metric>
</TargetMetadataExt>