<TargetCollectionExt EXT_NAME="ME$bct" EXT_VERSION="1" TARGET_TYPE="oracle_database"><CollectionItem NAME="ME$bct" UPLOAD="YES" COLLECT_WHEN_ALTSKIP="TRUE">
	<Schedule>
		<IntervalSchedule INTERVAL="1" TIME_UNIT="Hr"/>
	</Schedule>
	<MetricColl NAME="ME$bct">
		<Condition COLUMN_NAME="BCT" CRITICAL="PHYSICAL STANDBYENABLED" WARNING="PRIMARYDISABLED" OPERATOR="MATCH" OCCURRENCES="1" MESSAGE="Block change tracking is not enabled on Priamry database or is enabled on Standby" CLEAR_MESSAGE="Alert for %columnName% is cleared" CLEAR_MESSAGE_NLSID="EMAGENT_DEFAULT_NO_ROW_CLEAR_MESSAGE"/>
	</MetricColl>
</CollectionItem>
</TargetCollectionExt>