<TargetCollectionExt EXT_NAME="ME$apply_lag" EXT_VERSION="1" TARGET_TYPE="oracle_database"><CollectionItem NAME="ME$apply_lag" UPLOAD="YES" COLLECT_WHEN_ALTSKIP="TRUE">
	<Schedule>
		<IntervalSchedule INTERVAL="5" TIME_UNIT="Min"/>
	</Schedule>
	<MetricColl NAME="ME$apply_lag">
		<Condition COLUMN_NAME="apply_lag" CRITICAL="600" WARNING="120" OPERATOR="GT" OCCURRENCES="1" MESSAGE="DataGuard %columnName% is bigger then %value% second" CLEAR_MESSAGE="Alert for %columnName% is cleared" CLEAR_MESSAGE_NLSID="EMAGENT_DEFAULT_NO_ROW_CLEAR_MESSAGE"/>
	</MetricColl>
</CollectionItem>
</TargetCollectionExt>