<TargetMetadataExt EXT_NAME="ME$PASS" EXT_VERSION="1" TARGET_TYPE="rac_database"><Metric NAME="ME$PASS" TYPE="TABLE">
<ValidIf>
	<CategoryProp NAME="DBCategoryDetails" CHOICES="FullLLFile;none"/>
</ValidIf>
<Display>
<Label NLSID="NLS_METRIC_rac_databaseME$PASS">PASS</Label>
<Description NLSID="NLS_DESCRIPTION_rac_databaseME$PASS"> </Description>
</Display>
<TableDescriptor>
<ColumnDescriptor NAME="OS_USERNAME" TYPE="STRING">
<Display>
<Label NLSID="NLS_COLUMN_rac_databaseME$PASSOS_USERNAME">OS_USERNAME</Label>
</Display>
</ColumnDescriptor>
<ColumnDescriptor NAME="USERNAME" TYPE="STRING">
<Display>
<Label NLSID="NLS_COLUMN_rac_databaseME$PASSUSERNAME">USERNAME</Label>
</Display>
</ColumnDescriptor>
<ColumnDescriptor NAME="USERHOST" TYPE="STRING">
<Display>
<Label NLSID="NLS_COLUMN_rac_databaseME$PASSUSERHOST">USERHOST</Label>
</Display>
</ColumnDescriptor>
<ColumnDescriptor NAME="RETURNCODE" TYPE="NUMBER">
<Display>
<Label NLSID="NLS_COLUMN_rac_databaseME$PASSRETURNCODE">RETURNCODE</Label>
</Display>
</ColumnDescriptor>
<ColumnDescriptor NAME="COUNT" TYPE="NUMBER">
<Display>
<Label NLSID="NLS_COLUMN_rac_databaseME$PASSCOUNT">COUNT</Label>
</Display>
</ColumnDescriptor>
</TableDescriptor>
<QueryDescriptor FETCHLET_ID="SQL">
<Property NAME="STATEMENT" SCOPE="GLOBAL" OPTIONAL="TRUE">select os_username,username,userhost,returncode,count(*)  from dba_audit_trail 
where returncode in (1017,28000)
and action_name='LOGON'
and timestamp>sysdate-3
group by os_username,username,userhost,returncode;</Property>
<Property NAME="MachineName" SCOPE="INSTANCE" OPTIONAL="TRUE">MachineName</Property>
<Property NAME="Port" SCOPE="INSTANCE" OPTIONAL="TRUE">Port</Property>
<Property NAME="SID" SCOPE="INSTANCE" OPTIONAL="TRUE">SID</Property>
<Property NAME="UserName" SCOPE="INSTANCE" OPTIONAL="TRUE">UserName</Property>
<Property NAME="password" SCOPE="INSTANCE" OPTIONAL="TRUE">password</Property>
<Property NAME="Role" SCOPE="INSTANCE" OPTIONAL="TRUE">Role</Property>
<CredentialRef NAME="SQLCreds"></CredentialRef>
</QueryDescriptor>
</Metric>
</TargetMetadataExt>