<TargetCollectionExt EXT_NAME="ME$flashback_forcelogging" EXT_VERSION="1" TARGET_TYPE="oracle_database"><CollectionItem NAME="ME$flashback_forcelogging" UPLOAD="YES">
	<Schedule>
		<IntervalSchedule INTERVAL="1" TIME_UNIT="Hr"/>
	</Schedule>
	<MetricColl NAME="ME$flashback_forcelogging">
		<Condition COLUMN_NAME="flashback_on" WARNING="NO" OPERATOR="MATCH" OCCURRENCES="1" MESSAGE="Flashback is disabled" CLEAR_MESSAGE="Alert for %columnName% is cleared" CLEAR_MESSAGE_NLSID="EMAGENT_DEFAULT_NO_ROW_CLEAR_MESSAGE"/>
		<Condition COLUMN_NAME="force_logging" WARNING="NO" OPERATOR="MATCH" OCCURRENCES="1" MESSAGE="force_logging is disabled" CLEAR_MESSAGE="Alert for %columnName% is cleared" CLEAR_MESSAGE_NLSID="EMAGENT_DEFAULT_NO_ROW_CLEAR_MESSAGE"/>
	</MetricColl>
</CollectionItem>
</TargetCollectionExt>