<TargetCollectionExt EXT_NAME="ME$pending_trx1" EXT_VERSION="1" TARGET_TYPE="rac_database"><CollectionItem NAME="ME$pending_trx1" UPLOAD="YES">
	<Schedule>
		<IntervalSchedule INTERVAL="1" TIME_UNIT="Hr"/>
	</Schedule>
	<MetricColl NAME="ME$pending_trx1">
		<Condition COLUMN_NAME="TRANS" CRITICAL="20000" WARNING="10000" OPERATOR="GT" OCCURRENCES="1" MESSAGE="There are %value% pending transactions in DBA_2PC_PENDING. Pls clear them with DBMS_TRANSACTION.PURGE_LOST_DB_ENTRY procedure." CLEAR_MESSAGE="Alert for pending transactions is cleared"/>
	</MetricColl>
</CollectionItem>
</TargetCollectionExt>