<TargetMetadataExt EXT_NAME="ME$init_param_temp_file_drift" EXT_VERSION="2" TARGET_TYPE="oracle_database"><Metric NAME="ME$init_param_temp_file_drift" TYPE="TABLE" REPOSITORY="TRUE">
<Display>
<Label NLSID="NLS_METRIC_oracle_databaseME$init_param_temp_file_drift">init_param_temp_file_drift</Label>
<Description NLSID="NLS_DESCRIPTION_oracle_databaseME$init_param_temp_file_drift"> </Description>
</Display>
<TableDescriptor>
<ColumnDescriptor NAME="PARAMETER_NAME" TYPE="STRING">
<Display>
<Label NLSID="NLS_COLUMN_oracle_databaseME$init_param_temp_file_driftPARAMETER_NAME">PARAMETER_NAME</Label>
</Display>
</ColumnDescriptor>
</TableDescriptor>
<QueryDescriptor FETCHLET_ID="REPOSITORY_SQL">
<Property NAME="Type" SCOPE="GLOBAL">SQL</Property>
<Property NAME="Source" SCOPE="GLOBAL">select mgmt$target.target_guid,listagg(config.key_value, ',') within group (order by config.key_value )  parameter_name from
mgmt$target, (
select  distinct replace(target_name,'DR') target_name ,key_value
from mgmt$metric_current
where target_name not like'EMREP%'
and metric_name='ME$init_param_temp_file_drift_collector'
group by replace(target_name,'DR'),key_value,value
HAVING count(*)=1) config
where mgmt$target.target_name=config.target_name
group by mgmt$target.target_guid,config.target_name</Property>
</QueryDescriptor>
</Metric>
</TargetMetadataExt>