<TargetMetadataExt EXT_NAME="ME$last_backup" EXT_VERSION="3" TARGET_TYPE="oracle_database"><Metric NAME="ME$last_backup" TYPE="TABLE">
<Display>
<Label NLSID="NLS_METRIC_oracle_databaseME$last_backup">last_backup</Label>
<Description NLSID="NLS_DESCRIPTION_oracle_databaseME$last_backup"> </Description>
</Display>
<TableDescriptor>
<ColumnDescriptor NAME="BACKUP_TYPE" TYPE="STRING" IS_KEY="TRUE">
<Display>
<Label NLSID="NLS_COLUMN_oracle_databaseME$last_backupBACKUP_TYPE">BACKUP_TYPE</Label>
</Display>
</ColumnDescriptor>
<ColumnDescriptor NAME="END_TIME" TYPE="STRING">
<Display>
<Label NLSID="NLS_COLUMN_oracle_databaseME$last_backupEND_TIME">END_TIME</Label>
</Display>
</ColumnDescriptor>
<ColumnDescriptor NAME="HOUR" TYPE="NUMBER">
<Display>
<Label NLSID="NLS_COLUMN_oracle_databaseME$last_backupHOUR">HOUR</Label>
</Display>
</ColumnDescriptor>
<ColumnDescriptor NAME="IN_MB" TYPE="NUMBER">
<Display>
<Label NLSID="NLS_COLUMN_oracle_databaseME$last_backupIN_MB">IN_MB</Label>
</Display>
</ColumnDescriptor>
<ColumnDescriptor NAME="OUT_MB" TYPE="NUMBER">
<Display>
<Label NLSID="NLS_COLUMN_oracle_databaseME$last_backupOUT_MB">OUT_MB</Label>
</Display>
</ColumnDescriptor>
</TableDescriptor>
<QueryDescriptor FETCHLET_ID="SQL">
<Property NAME="STATEMENT" SCOPE="GLOBAL" OPTIONAL="TRUE">select OBJECT_TYPE TYPE,to_char(END_TIME,'YYYY-MM-DD HH24:MI:SS') end_time,trunc((sysdate-END_TIME)*24) hour,round(INPUT_BYTES/1024/1024) in_mb,round(OUTPUT_BYTES/1024/1024) out_mb from v$rman_status 
where
RECID+STAMP in (
select max(RECID+STAMP) from v$rman_status 
where OPERation='BACKUP'
and status='COMPLETED'
and OBJECT_TYPE in ('ARCHIVELOG','DB INCR','CONTROLFILE')
group by object_type
)
and OBJECT_TYPE is not null
and (select instance_number from v$instance) in (select min(instance_number) from gv$instance)
and (select log_mode||database_role from v$database) in ('ARCHIVELOGPRIMARY')
order by OBJECT_TYPE;</Property>
<Property NAME="MachineName" SCOPE="INSTANCE" OPTIONAL="TRUE">MachineName</Property>
<Property NAME="Port" SCOPE="INSTANCE" OPTIONAL="TRUE">Port</Property>
<Property NAME="SID" SCOPE="INSTANCE" OPTIONAL="TRUE">SID</Property>
<Property NAME="ConnectDescriptor" SCOPE="INSTANCE" OPTIONAL="TRUE">AgentPreferredConnectString</Property>
<Property NAME="UserName" SCOPE="INSTANCE" OPTIONAL="TRUE">UserName</Property>
<Property NAME="password" SCOPE="INSTANCE" OPTIONAL="TRUE">password</Property>
<Property NAME="Role" SCOPE="INSTANCE" OPTIONAL="TRUE">Role</Property>
<CredentialRef NAME="SQLCreds"></CredentialRef>
</QueryDescriptor>
</Metric>
</TargetMetadataExt>