<TargetCollectionExt EXT_NAME="ME$restore_points" EXT_VERSION="2" TARGET_TYPE="oracle_database"><CollectionItem NAME="ME$restore_points" UPLOAD="YES" COLLECT_WHEN_ALTSKIP="TRUE">
	<Schedule>
		<IntervalSchedule INTERVAL="15" TIME_UNIT="Min"/>
	</Schedule>
	<MetricColl NAME="ME$restore_points">
		<Condition COLUMN_NAME="HOURS_AGO" CRITICAL="48" WARNING="24" OPERATOR="GT" OCCURRENCES="1" MESSAGE="Restore point %RESTORE_POINT_NAME% (size %GB% GB) has been created %value% hours ago" CLEAR_MESSAGE="Alert for restore point %RESTORE_POINT_NAME% is cleared"/>
	</MetricColl>
</CollectionItem>
</TargetCollectionExt>