<TargetMetadataExt EXT_NAME="ME$flashback_forcelogging" EXT_VERSION="2" TARGET_TYPE="oracle_database"><Metric NAME="ME$flashback_forcelogging" TYPE="TABLE">
<Display>
<Label NLSID="NLS_METRIC_oracle_databaseME$flashback_forcelogging">flashback_forcelogging</Label>
<Description NLSID="NLS_DESCRIPTION_oracle_databaseME$flashback_forcelogging"> </Description>
</Display>
<TableDescriptor>
<ColumnDescriptor NAME="flashback_on" TYPE="STRING">
<Display>
<Label NLSID="NLS_COLUMN_oracle_databaseME$flashback_forceloggingflashback_on">flashback_on</Label>
</Display>
</ColumnDescriptor>
<ColumnDescriptor NAME="force_logging" TYPE="STRING">
<Display>
<Label NLSID="NLS_COLUMN_oracle_databaseME$flashback_forceloggingforce_logging">force_logging</Label>
</Display>
</ColumnDescriptor>
</TableDescriptor>
<QueryDescriptor FETCHLET_ID="SQL">
<Property NAME="STATEMENT" SCOPE="GLOBAL" OPTIONAL="TRUE">select flashback_on,force_logging from v$database
where exists (select 1 from V$DATAGUARD_CONFIG);</Property>
<Property NAME="MachineName" SCOPE="INSTANCE" OPTIONAL="TRUE">MachineName</Property>
<Property NAME="Port" SCOPE="INSTANCE" OPTIONAL="TRUE">Port</Property>
<Property NAME="SID" SCOPE="INSTANCE" OPTIONAL="TRUE">SID</Property>
<Property NAME="ConnectDescriptor" SCOPE="INSTANCE" OPTIONAL="TRUE">AgentPreferredConnectString</Property>
<Property NAME="UserName" SCOPE="INSTANCE" OPTIONAL="TRUE">UserName</Property>
<Property NAME="password" SCOPE="INSTANCE" OPTIONAL="TRUE">password</Property>
<Property NAME="Role" SCOPE="INSTANCE" OPTIONAL="TRUE">Role</Property>
<CredentialRef NAME="SQLCreds"></CredentialRef>
</QueryDescriptor>
</Metric>
</TargetMetadataExt>