<TargetMetadataExt EXT_NAME="ME$init_param_temp_file_drift_collector" EXT_VERSION="1" TARGET_TYPE="oracle_database"><Metric NAME="ME$init_param_temp_file_drift_collector" TYPE="TABLE">
<Display>
<Label NLSID="NLS_METRIC_oracle_databaseME$init_param_temp_file_drift_collector">init_param_temp_file_drift_collector</Label>
<Description NLSID="NLS_DESCRIPTION_oracle_databaseME$init_param_temp_file_drift_collector"> </Description>
</Display>
<TableDescriptor>
<ColumnDescriptor NAME="parameter_name" TYPE="STRING" IS_KEY="TRUE">
<Display>
<Label NLSID="NLS_COLUMN_oracle_databaseME$init_param_temp_file_drift_collectorparameter_name">parameter_name</Label>
</Display>
</ColumnDescriptor>
<ColumnDescriptor NAME="parameter_value" TYPE="STRING">
<Display>
<Label NLSID="NLS_COLUMN_oracle_databaseME$init_param_temp_file_drift_collectorparameter_value">parameter_value</Label>
</Display>
</ColumnDescriptor>
</TableDescriptor>
<QueryDescriptor FETCHLET_ID="SQL">
<Property NAME="STATEMENT" SCOPE="GLOBAL" OPTIONAL="TRUE">select name parameter_name,value parameter_value from v$parameter
where name in('archive_lag_target','cpu_count','cpu_min_count','db_block_checking','db_block_checksum','db_file_multiblock_read_count','db_lost_write_protect','db_recovery_file_dest_size','filesystemio_options','job_queue_processes','sessions')
union all
select 'tempfiles'||to_char(ts#),to_char(count(*)) from v$tempfile group by ts#;</Property>
<Property NAME="MachineName" SCOPE="INSTANCE" OPTIONAL="TRUE">MachineName</Property>
<Property NAME="Port" SCOPE="INSTANCE" OPTIONAL="TRUE">Port</Property>
<Property NAME="SID" SCOPE="INSTANCE" OPTIONAL="TRUE">SID</Property>
<Property NAME="ServiceName" SCOPE="INSTANCE" OPTIONAL="TRUE">ServiceName</Property>
<Property NAME="ConnectDescriptor" SCOPE="INSTANCE" OPTIONAL="TRUE">AgentPreferredConnectString</Property>
<Property NAME="UserName" SCOPE="INSTANCE" OPTIONAL="TRUE">UserName</Property>
<Property NAME="password" SCOPE="INSTANCE" OPTIONAL="TRUE">password</Property>
<Property NAME="Role" SCOPE="INSTANCE" OPTIONAL="TRUE">Role</Property>
<CredentialRef NAME="SQLCreds"></CredentialRef>
</QueryDescriptor>
</Metric>
</TargetMetadataExt>