<TargetMetadataExt EXT_NAME="ME$restore_points" EXT_VERSION="1" TARGET_TYPE="oracle_database"><Metric NAME="ME$restore_points" TYPE="TABLE">
<Display>
<Label NLSID="NLS_METRIC_oracle_databaseME$restore_points">restore_points</Label>
<Description NLSID="NLS_DESCRIPTION_oracle_databaseME$restore_points"> </Description>
</Display>
<TableDescriptor>
<ColumnDescriptor NAME="RESTORE_POINT_NAME" TYPE="STRING">
<Display>
<Label NLSID="NLS_COLUMN_oracle_databaseME$restore_pointsRESTORE_POINT_NAME">RESTORE_POINT_NAME</Label>
</Display>
</ColumnDescriptor>
<ColumnDescriptor NAME="CREATION_TIME" TYPE="STRING">
<Display>
<Label NLSID="NLS_COLUMN_oracle_databaseME$restore_pointsCREATION_TIME">CREATION_TIME</Label>
</Display>
</ColumnDescriptor>
<ColumnDescriptor NAME="HOURS_AGO" TYPE="NUMBER">
<Display>
<Label NLSID="NLS_COLUMN_oracle_databaseME$restore_pointsHOURS_AGO">HOURS_AGO</Label>
</Display>
</ColumnDescriptor>
<ColumnDescriptor NAME="GB" TYPE="NUMBER">
<Display>
<Label NLSID="NLS_COLUMN_oracle_databaseME$restore_pointsGB">GB</Label>
<Unit NLSID="mext_unit_nlsid_GB">GB</Unit>
<UnitCategory>DATA_SIZE</UnitCategory>
</Display>
</ColumnDescriptor>
</TableDescriptor>
<QueryDescriptor FETCHLET_ID="SQL">
<Property NAME="STATEMENT" SCOPE="GLOBAL" OPTIONAL="TRUE">select NAME RESTORE_NAME,
to_char(TIME,'YYYY-MM-DD HH24:MI:SS') creation_time, round((sysdate-CAST(TIME as date))*24,2) hours_ago,
round(STORAGE_SIZE/1024/1024/1024,2) GB
from v$restore_point
where GUARANTEE_FLASHBACK_DATABASE='YES'
order by TIME asc
fetch first 1 rows only;</Property>
<Property NAME="MachineName" SCOPE="INSTANCE" OPTIONAL="TRUE">MachineName</Property>
<Property NAME="Port" SCOPE="INSTANCE" OPTIONAL="TRUE">Port</Property>
<Property NAME="SID" SCOPE="INSTANCE" OPTIONAL="TRUE">SID</Property>
<Property NAME="ConnectDescriptor" SCOPE="INSTANCE" OPTIONAL="TRUE">AgentPreferredConnectString</Property>
<Property NAME="UserName" SCOPE="INSTANCE" OPTIONAL="TRUE">UserName</Property>
<Property NAME="password" SCOPE="INSTANCE" OPTIONAL="TRUE">password</Property>
<Property NAME="Role" SCOPE="INSTANCE" OPTIONAL="TRUE">Role</Property>
<CredentialRef NAME="SQLCreds"></CredentialRef>
</QueryDescriptor>
</Metric>
</TargetMetadataExt>